7007651463911;7007651463911Oscar Bernier Sr.pass
1289361962257;1289361962257Gene Fritschpass
4407352736124;4407352736124Gene Fritschpass
4803234239294;4803234239294Gene Fritschpass
6789822289548;6789822289548Franklin Fritschpass
1338466456656;1338466456656Franklin Fritschpass
9843537392080;9843537392080Owen Corwinpass
9054951941414;9054951941414Teri Wardpass
7414247645126;7414247645126Teri Wardpass
8409956575769;8409956575769Stephen Greenholtpass
5471791927677;5471791927677Gene Fritschpass
4024670381551;4024670381551Miss Inez Walshpass
1910211782584;1910211782584Eugene Jacobipass
1136811578392;1136811578392Teri Wardpass
1235255399398;1235255399398Teri Wardpass
2802920145327;2802920145327Christopher Roobpass
5736615526894;5736615526894Bill Marvinpass
4076131228765;4076131228765Stephen Greenholtpass
2804567080311;2804567080311Gene Fritschpass
4513932050798;4513932050798Dr. Leona Kuhlmanpass
6674749234038;6674749234038Owen Corwinpass
3098227203807;3098227203807Nelson Lindgren DVMpass
4963201814216;4963201814216Edgar Russelpass
1783989017157;1783989017157Eugene Jacobipass
7019510225074;7019510225074Sarah Stehrpass
6086063610769;6086063610769Eugene Jacobipass
4223549325693;4223549325693Owen Corwinpass
9466738118027;9466738118027Eugene Jacobipass
9709381055914;9709381055914Gene Fritschpass
6306940181661;6306940181661Franklin Fritschpass
2971574659019;2971574659019Franklin Fritschpass
1085512732660;1085512732660Oscar Harrispass
3980939251400;3980939251400Ken Legrospass
5671496563361;5671496563361Eugene Jacobipass
8953346684720;8953346684720Edgar Russelpass
6589933283235;6589933283235Bill Marvinpass
5412679090055;5412679090055Gretchen Nienowpass
9262695833369;9262695833369Owen Corwinpass
7333112913221;7333112913221Miss Inez Walshpass
5475793332320;5475793332320Gretchen Nienowpass
3378297120302;3378297120302Gene Fritschpass
3913181607423;3913181607423Oscar Harrispass
9325735154486;9325735154486Teri Wardpass
4546962508994;4546962508994Stephen Greenholtpass
9898737299312;9898737299312Ken Legrospass
4548848564231;4548848564231Franklin Fritschpass
9257792897121;9257792897121Frank Trantowpass
4575468235583;4575468235583Christopher Roobpass
3078407743180;3078407743180Oscar Harrispass
2592102423050;2592102423050Ken Legrospass
2771954942366;2771954942366Eugene Jacobipass
5484696805296;5484696805296Frank Trantowpass
1133165568706;1133165568706Oscar Bernier Sr.pass
4124046921847;4124046921847Edgar Russelpass
3287557100404;3287557100404Bernice Crookspass
9866063613555;9866063613555Eugene Jacobipass
3156658880303;3156658880303Edgar Russelpass
3960086216796;3960086216796Gretchen Nienowpass
9223078130980;9223078130980Oscar Bernier Sr.pass
9362630087428;9362630087428Frank Trantowpass
3484997655456;3484997655456Dr. Leona Kuhlmanpass
1341995680336;1341995680336Bernice Crookspass
8119629446646;8119629446646Bernice Crookspass
4988540141594;4988540141594Frank Trantowpass
1599563413773;1599563413773Franklin Fritschpass
3037797921954;3037797921954Teri Wardpass
1543229468924;1543229468924Courtney Willpass
1252527224111;1252527224111Christopher Roobpass
2476798557539;2476798557539Franklin Fritschpass
2839236991533;2839236991533Teri Wardpass
2107639693558;2107639693558Gene Fritschpass
4361269790867;4361269790867Courtney Willpass
4028945861749;4028945861749Bernice Crookspass
6617748744171;6617748744171Owen Corwinpass
1293342350813;1293342350813Eugene Jacobipass
8413386931592;8413386931592Edgar Russelpass
7232381596156;7232381596156Bernice Crookspass
7616639352773;7616639352773Bernice Crookspass
3705685574679;3705685574679Bernice Crookspass
7486047784741;7486047784741Miss Inez Walshpass
7301428399182;7301428399182Courtney Willpass
3882529352419;3882529352419Gretchen Nienowpass
7594451715645;7594451715645Ken Legrospass
4271298208256;4271298208256Sarah Stehrpass
2045584419470;2045584419470Edgar Russelpass
8518428867066;8518428867066Sarah Stehrpass
7637757077353;7637757077353Owen Corwinpass
1575167816473;1575167816473Gene Fritschpass
2998217399793;2998217399793Edgar Russelpass
1652970653104;1652970653104Bill Marvinpass
2224772510828;2224772510828Teri Wardpass
1981025020937;1981025020937Bill Marvinpass
1500096379980;1500096379980Sarah Stehrpass
9442949557931;9442949557931Gretchen Nienowpass
9682476309169;9682476309169Courtney Willpass
8102501394154;8102501394154Christopher Roobpass
6691673042038;6691673042038Gene Fritschpass
1076438577313;1076438577313Bill Marvinpass
3934494552946;3934494552946Eugene Jacobipass
9685098171877;9685098171877Oscar Harrispass
9916737675097;9916737675097Nelson Lindgren DVMpass
6499213598040;6499213598040Oscar Bernier Sr.pass
5154719977810;5154719977810Edgar Russelpass
7500493005003;7500493005003Ken Legrospass
4195573986158;4195573986158Ken Legrospass
8142876033690;8142876033690Bernice Crookspass
3384291686356;3384291686356Teri Wardpass
2680500907713;2680500907713Stephen Greenholtpass
1722913297899;1722913297899Franklin Fritschpass
5424329011008;5424329011008Miss Inez Walshpass
4758268670780;4758268670780Eugene Jacobipass
5996086016498;5996086016498Frank Trantowpass
6718952464924;6718952464924Gretchen Nienowpass
3090275320618;3090275320618Oscar Harrispass
5606553956656;5606553956656Sarah Stehrpass
2538895951227;2538895951227Franklin Fritschpass
7320566912340;7320566912340Christopher Roobpass
5341826262396;5341826262396Courtney Willpass
7091502597920;7091502597920Bernice Crookspass
5025163127421;5025163127421Miss Inez Walshpass
7062611051797;7062611051797Oscar Harrispass
1371329516280;1371329516280Edgar Russelpass
7497840530932;7497840530932Nelson Lindgren DVMpass
1369431509512;1369431509512Ken Legrospass
8213758773120;8213758773120Miss Inez Walshpass
2256817659786;2256817659786Frank Trantowpass
4993191459157;4993191459157Franklin Fritschpass
4905540861321;4905540861321Bernice Crookspass
7917469774522;7917469774522Frank Trantowpass
3160952880404;3160952880404Ken Legrospass
8555484145028;8555484145028Teri Wardpass
2536833097484;2536833097484Nelson Lindgren DVMpass
2829162066744;2829162066744Oscar Bernier Sr.pass
6755802508528;6755802508528Dr. Leona Kuhlmanpass
8961060899298;8961060899298Frank Trantowpass
9386557581084;9386557581084Dr. Leona Kuhlmanpass
3940889441318;3940889441318Edgar Russelpass
8711194914249;8711194914249Sarah Stehrpass
7856636980151;7856636980151Stephen Greenholtpass
9596580513352;9596580513352Gretchen Nienowpass
3396094278619;3396094278619Owen Corwinpass
1087531663362;1087531663362Nelson Lindgren DVMpass
5508932910454;5508932910454Dr. Leona Kuhlmanpass
9977058156038;9977058156038Frank Trantowpass
1483394801722;1483394801722Oscar Bernier Sr.pass
2254602021290;2254602021290Nelson Lindgren DVMpass
1717258758052;1717258758052Gretchen Nienowpass
9185653514531;9185653514531Oscar Harrispass
8863800551327;8863800551327Owen Corwinpass
6991840791464;6991840791464Christopher Roobpass
5006349296061;5006349296061Ken Legrospass
8539000044694;8539000044694Bernice Crookspass
6815295300897;6815295300897Bill Marvinpass
6407316494587;6407316494587Eugene Jacobipass
6585054129584;6585054129584Bill Marvinpass
1539354870414;1539354870414Christopher Roobpass
5215051502630;5215051502630Bill Marvinpass
7021472596420;7021472596420Owen Corwinpass
5088930259178;5088930259178Gene Fritschpass
4725305590161;4725305590161Nelson Lindgren DVMpass
9194917930508;9194917930508Gretchen Nienowpass
8838168449308;8838168449308Frank Trantowpass
2621787635939;2621787635939Edgar Russelpass
5428400095066;5428400095066Courtney Willpass
7098147208626;7098147208626Teri Wardpass
1963649278530;1963649278530Sarah Stehrpass
2076898606252;2076898606252Oscar Bernier Sr.pass
2796190086347;2796190086347Gretchen Nienowpass
7231579502358;7231579502358Franklin Fritschpass
6232983630194;6232983630194Courtney Willpass
6470292340838;6470292340838Courtney Willpass
6968055092362;6968055092362Oscar Harrispass
7130076965215;7130076965215Gene Fritschpass
7417260129465;7417260129465Oscar Bernier Sr.pass
7813913653003;7813913653003Gene Fritschpass
9094697612314;9094697612314Dr. Leona Kuhlmanpass
9591991091743;9591991091743Sarah Stehrpass
5967247974276;5967247974276Dr. Leona Kuhlmanpass
8222938100029;8222938100029Bernice Crookspass
8948971922737;8948971922737Gretchen Nienowpass
8192801765435;8192801765435Frank Trantowpass
3115373749745;3115373749745Christopher Roobpass
9736343405181;9736343405181Nelson Lindgren DVMpass
5555107431472;5555107431472Owen Corwinpass
8940930535183;8940930535183Christopher Roobpass
9116715315637;9116715315637Oscar Bernier Sr.pass
2126698101919;2126698101919Bernice Crookspass
4316360746490;4316360746490Bill Marvinpass
8049036292340;8049036292340Franklin Fritschpass
3126621710298;3126621710298Teri Wardpass
3726972114033;3726972114033Miss Inez Walshpass
6798578057487;6798578057487Christopher Roobpass
9037323675080;9037323675080Sarah Stehrpass
2083686054479;2083686054479Courtney Willpass
2592496651510;2592496651510Owen Corwinpass
6180838426761;6180838426761Miss Inez Walshpass
1851075140155;1851075140155Stephen Greenholtpass
8447942876293;8447942876293Gene Fritschpass
1211671749310;1211671749310Bill Marvinpass
1522371080343;1522371080343Bernice Crookspass
7751353570341;7751353570341Gene Fritschpass
4421484237358;4421484237358Frank Trantowpass
9384175169535;9384175169535Teri Wardpass
5396919004350;5396919004350Sarah Stehrpass
9852548911294;9852548911294Nelson Lindgren DVMpass
5114730786813;5114730786813Christopher Roobpass
9208877557146;9208877557146Dr. Leona Kuhlmanpass
8906138377589;8906138377589Courtney Willpass
5867465148164;5867465148164Gretchen Nienowpass
9030066922913;9030066922913Oscar Harrispass
4306011307500;4306011307500Sarah Stehrpass
1585679566212;1585679566212Dr. Leona Kuhlmanpass
7259459996127;7259459996127Stephen Greenholtpass
3934536441234;3934536441234Frank Trantowpass
6929296782404;6929296782404Christopher Roobpass
8772201588498;8772201588498Oscar Bernier Sr.pass
5444979851442;5444979851442Christopher Roobpass
9281148673511;9281148673511Owen Corwinpass
2451484644374;2451484644374Dr. Leona Kuhlmanpass
3906212389361;3906212389361Bill Marvinpass
4599093267670;4599093267670Courtney Willpass
4521932569547;4521932569547Gretchen Nienowpass
6467874318785;6467874318785Oscar Harrispass
1259665238600;1259665238600Courtney Willpass
5845015832403;5845015832403Dr. Leona Kuhlmanpass
4373095641477;4373095641477Christopher Roobpass
5051909025891;5051909025891Franklin Fritschpass
6204608972331;6204608972331Bernice Crookspass
6936480014761;6936480014761Nelson Lindgren DVMpass
9346039135853;9346039135853Dr. Leona Kuhlmanpass
9259142601863;9259142601863Courtney Willpass
2985843610866;2985843610866Bill Marvinpass
5697239158937;5697239158937Oscar Harrispass
8879133671011;8879133671011Oscar Harrispass
6060249959882;6060249959882Dr. Leona Kuhlmanpass
6516446128227;6516446128227Edgar Russelpass
7615370402840;7615370402840Bernice Crookspass
1269574422780;1269574422780Bernice Crookspass
6245863011494;6245863011494Oscar Bernier Sr.pass
6677969576029;6677969576029Miss Inez Walshpass
3836867079698;3836867079698Ken Legrospass
2633112138636;2633112138636Bill Marvinpass
1749505341118;1749505341118Gene Fritschpass
8038184001798;8038184001798Gene Fritschpass
6478583835524;6478583835524Owen Corwinpass
4066514902222;4066514902222Ken Legrospass
7855904226282;7855904226282Ken Legrospass
9086151644432;9086151644432Edgar Russelpass
8642626997770;8642626997770Frank Trantowpass
5381498723542;5381498723542Eugene Jacobipass
4668170957627;4668170957627Ken Legrospass
8784356111437;8784356111437Bernice Crookspass
2580000385830;2580000385830Nelson Lindgren DVMpass
4423886417466;4423886417466Oscar Bernier Sr.pass
9865337587263;9865337587263Gene Fritschpass
3378405437577;3378405437577Gene Fritschpass
8509026263933;8509026263933Gene Fritschpass
5937246887400;5937246887400Sarah Stehrpass
5128942380967;5128942380967Frank Trantowpass
3381614634722;3381614634722Eugene Jacobipass
6600644920196;6600644920196Gretchen Nienowpass
5261771630508;5261771630508Courtney Willpass
8756100453006;8756100453006Bill Marvinpass
8864485584425;8864485584425Sarah Stehrpass
9949882398116;9949882398116Oscar Bernier Sr.pass
2162021844316;2162021844316Nelson Lindgren DVMpass
3632435892961;3632435892961Sarah Stehrpass
5886945426922;5886945426922Gretchen Nienowpass
1827426035394;1827426035394Ken Legrospass
1954732282852;1954732282852Owen Corwinpass
9859623734430;9859623734430Sarah Stehrpass
5797936322102;5797936322102Miss Inez Walshpass
3362909791049;3362909791049Dr. Leona Kuhlmanpass
8198128282684;8198128282684Bernice Crookspass
6326447276320;6326447276320Ken Legrospass
7034879908547;7034879908547Miss Inez Walshpass
4989749686869;4989749686869Christopher Roobpass
8628959648284;8628959648284Gretchen Nienowpass
8627796811128;8627796811128Courtney Willpass
7725995493368;7725995493368Christopher Roobpass
5329092393210;5329092393210Edgar Russelpass
3030503435966;3030503435966Oscar Harrispass
6023846331137;6023846331137Edgar Russelpass
5445068554039;5445068554039Eugene Jacobipass
8956459803853;8956459803853Ken Legrospass
9349308939277;9349308939277Christopher Roobpass
8089619294280;8089619294280Eugene Jacobipass
1601667696961;1601667696961Nelson Lindgren DVMpass
3852475152082;3852475152082Stephen Greenholtpass
7559067121886;7559067121886Gretchen Nienowpass
2150173391086;2150173391086Bill Marvinpass
3116284070989;3116284070989Eugene Jacobipass
4987805620684;4987805620684Courtney Willpass
4800606170091;4800606170091Nelson Lindgren DVMpass
5743348209409;5743348209409Christopher Roobpass
1489801469973;1489801469973Ken Legrospass
9558059999607;9558059999607Nelson Lindgren DVMpass
7812138365476;7812138365476Courtney Willpass
8044920112160;8044920112160Gene Fritschpass
8302744821854;8302744821854Bill Marvinpass
3880821876631;3880821876631Christopher Roobpass
7921461941453;7921461941453Sarah Stehrpass
6646878280759;6646878280759Gene Fritschpass
7078979516429;7078979516429Christopher Roobpass
1144384263269;1144384263269Courtney Willpass
7252690730592;7252690730592Eugene Jacobipass
1941950824806;1941950824806Bernice Crookspass
6520960951236;6520960951236Courtney Willpass
8695145802132;8695145802132Gretchen Nienowpass
7480526742916;7480526742916Courtney Willpass
5996711365104;5996711365104Dr. Leona Kuhlmanpass
5453757264292;5453757264292Miss Inez Walshpass
5392296780204;5392296780204Bernice Crookspass
9104081347350;9104081347350Oscar Bernier Sr.pass
6632121103947;6632121103947Miss Inez Walshpass
9610911641653;9610911641653Ken Legrospass
6901303109737;6901303109737Nelson Lindgren DVMpass
1783583321142;1783583321142Nelson Lindgren DVMpass
4966439702435;4966439702435Owen Corwinpass
4226444956910;4226444956910Bill Marvinpass
6960966222982;6960966222982Oscar Bernier Sr.pass
4004189358935;4004189358935Teri Wardpass
1879456260082;1879456260082Eugene Jacobipass
4824577879879;4824577879879Sarah Stehrpass
6969420673372;6969420673372Oscar Bernier Sr.pass
1280426964985;1280426964985Stephen Greenholtpass
7971803505009;7971803505009Bill Marvinpass
2202683316418;2202683316418Stephen Greenholtpass
5482247199297;5482247199297Ken Legrospass
2972819329677;2972819329677Frank Trantowpass
3411415485974;3411415485974Teri Wardpass
5907680955822;5907680955822Nelson Lindgren DVMpass
8632497056037;8632497056037Franklin Fritschpass
1692136321566;1692136321566Dr. Leona Kuhlmanpass
3716122670188;3716122670188Dr. Leona Kuhlmanpass
7997643184432;7997643184432Franklin Fritschpass
1379852981310;1379852981310Christopher Roobpass
4067197255065;4067197255065Teri Wardpass
2590303352632;2590303352632Ken Legrospass
9851576336968;9851576336968Miss Inez Walshpass
5821972606683;5821972606683Dr. Leona Kuhlmanpass
9289090288062;9289090288062Gretchen Nienowpass
3795826143199;3795826143199Bernice Crookspass
7822013148356;7822013148356Teri Wardpass
5952883883961;5952883883961Dr. Leona Kuhlmanpass
3545592482197;3545592482197Gene Fritschpass
1988832531899;1988832531899Teri Wardpass
9502169182484;9502169182484Gretchen Nienowpass
1814614883473;1814614883473Eugene Jacobipass
5707912794312;5707912794312Stephen Greenholtpass
3848596382237;3848596382237Stephen Greenholtpass
4437708763631;4437708763631Gene Fritschpass
7103145676930;7103145676930Miss Inez Walshpass
3285550945725;3285550945725Bill Marvinpass
4631897951289;4631897951289Franklin Fritschpass
5105040140069;5105040140069Gene Fritschpass
6769384934980;6769384934980Dr. Leona Kuhlmanpass
5666134559929;5666134559929Gene Fritschpass
8458895110109;8458895110109Courtney Willpass
9155604503827;9155604503827Gene Fritschpass
1433448474019;1433448474019Edgar Russelpass
3607647027944;3607647027944Gretchen Nienowpass
1662667976195;1662667976195Stephen Greenholtpass
4470182924955;4470182924955Teri Wardpass
7407995129619;7407995129619Dr. Leona Kuhlmanpass
7551507999503;7551507999503Dr. Leona Kuhlmanpass
7000189722032;7000189722032Bernice Crookspass
5557536872228;5557536872228Edgar Russelpass
7131348101987;7131348101987Owen Corwinpass
3913579044762;3913579044762Bill Marvinpass
1678321634666;1678321634666Courtney Willpass
4209444763537;4209444763537Sarah Stehrpass
3493793828629;3493793828629Nelson Lindgren DVMpass
4066542235334;4066542235334Oscar Bernier Sr.pass
5288128170746;5288128170746Bernice Crookspass
2797392140357;2797392140357Eugene Jacobipass
8480318257312;8480318257312Gretchen Nienowpass
9579964592128;9579964592128Edgar Russelpass
8499258659292;8499258659292Sarah Stehrpass
9944572706578;9944572706578Franklin Fritschpass
9418181947747;9418181947747Oscar Harrispass
1494268877279;1494268877279Gene Fritschpass
6282329090368;6282329090368Courtney Willpass
4127480872664;4127480872664Dr. Leona Kuhlmanpass
8054495915150;8054495915150Teri Wardpass
1852997444139;1852997444139Oscar Bernier Sr.pass
4604671812253;4604671812253Edgar Russelpass
5087584406382;5087584406382Ken Legrospass
1595253510449;1595253510449Frank Trantowpass
1673638739474;1673638739474Nelson Lindgren DVMpass
2600327257387;2600327257387Nelson Lindgren DVMpass
3431035762634;3431035762634Nelson Lindgren DVMpass
4144462849860;4144462849860Miss Inez Walshpass
6385220207347;6385220207347Courtney Willpass
6221575654441;6221575654441Gretchen Nienowpass
4834218973983;4834218973983Owen Corwinpass
7670198697073;7670198697073Franklin Fritschpass
9230136591773;9230136591773Teri Wardpass
4446315950286;4446315950286Oscar Bernier Sr.passss