Oscar Bernier Sr.;4423886417466Oscar Bernier Sr.pass;Heathcote LLC;4423886417466;Oscar Bernier Sr.;4423886417466Oscar Bernier Sr.pass;Heathcote LLC;4423886417466;165140891340156758702775701900447003282588947140663790223232917389631816069687212638869803892575465097154309554272281366400579402769619340151772690964041477695800024644902378894508036381390962815519734103008534630487740264304796698648168012623770666631949537859439922183238299219114370284288854781663156361641;13164755585495963895855038445136111946684864341309458352095463278791086303249780161310027777236683360545687020557784671235482660020597162558904686267934671497219318702466443285762287406625302240772698559735454643919837037860208695432149100449929083156745958061748579354037149438356203521990231980341836230145
Oscar Bernier Sr.;4423886417466Oscar Bernier Sr.pass;Heathcote LLC;4423886417466;Oscar Bernier Sr.;4423886417466Oscar Bernier Sr.pass;Heathcote LLC;4423886417466;71045201591699678691594812717793382082840225595744620270875650911062636886142347279276211903282091111117678415600612553421303455278631385811391155319661245327418126680229724251702550132228762279565185780989939725321576496478690413932841432120243782057504571828403536745822616885438186555498179001217694691959;15761504318820169954932981056660464757212802844947570173007561017766989776859890722294833192971450687552000935709982242404581253155067534888760878629937507488740557826949546243338560283005518005751191982591271735704779335722133744540804405858009373347066318980736153477235091985937067574379353570896234415873
Bill Marvin;1211671749310Bill Marvinpasss;Hickle LLC;1211671749310;Bill Marvin;1211671749310Bill Marvinpasss;Hickle LLC;1211671749310;110739188400465917398758961487210157666369341392634234033083097836298418344468347872737647358962648964717198116860654821423991095500502095939526188895374050534256517594612432384130185426266090079929552458902119113059419922669079578535705624863002024906996138924215371119340847190083208925425647850507098594643;15219027623961982397084428230694936016927500440461995110603790454683112404070509756296990506445978385497968331968370658825228249670523606936203810504231472038134234396787544109876237080831329018540521142831217429471785486023083416551820106364874649648158266491451072600152352742110451526792886123818660599393
Bill Marvin;1211671749310Bill Marvinpasss;Hickle   Schumm;1211671749310;Bill Marvin;1211671749310Bill Marvinpasss;Hickle   Schumm;1211671749310;97990536316599383955970495870654300835376256379812583567022419099260661096724228385040373572609477778375321671228159674553631414862123966145538073841111405301430388410712105953382823983601088254524399330479402298545300156968888804928811269387434994130955440584180913679007845056470077238050615077675999809901;5101751819062037597024076917775600651241090138296817315242339383990529040513492220769889660300300580246188184909251317966102289556297254755103078593058213769732657260072133763935901642894212021248714718743521340487001314912615985646655642694989584600047784357432213324539654343172133858835640557853141247143
Bill Marvin;1211671749310Bill Marvinpasss;cdbarrientos;1211671749310;Bill Marvin;1211671749310Bill Marvinpasss;cdbarrientos;1211671749310;143956170304803717566337847745670493104763086725408316669489504594671547772439044444106602744209657976487204853323584010436431194609440212461155991646883452227462924002864165955746723292509465092604966199981313960978827919244490175597707475150384063889886802710177372404646298143196903357855209212360713910403;8515709897869496809208499718764568971496747792137069782588449696041052821903923516014779657376903769857914542149625116770582078362375932125005593587587051137167618382777063300580506023491229353229246650756089649071569918607947907542091836678900942404690974582413869527998201829644093598491076540078507062113
Bill Marvin;1211671749310Bill Marvinpasss01;Hickle LLC;1211671749310;Bill Marvin;1211671749310Bill Marvinpasss01;Hickle LLC;1211671749310;59334024018183421259792127455507044657098574531734153763821515162575836729090423300955396988000683494115920416639969468924307552104631227507092796262989214011521251911636428871910903119851596250800909831769582946152214661352921126450962167014194600985583825800129943443022220410288916060623659268551251428311;7406077398671688466751904012927040617919933867297800568218176010522166151276419316461166452957997129504955485424322600143793743158825065506261421350229732429155319617911191858587610167751270048681878748663970268211868753275604374704827625849433435374369688351599987354513906197451111383451595393439107330265
Bill Marvin;1211671749310Bill Marvinpass;Hickle LLC;1211671749310;Bill Marvin;1211671749310Bill Marvinpass;Hickle LLC;1211671749310;101586622112394499739237820177303009762170661813775492807801055037816408784409041641934932198167718772481883699461709310716867178824890124819562641398880931554197717704332941028876018850248492776770468602160198505937490595115387301066973986731466467535234022025327857520848959509970599269633294802984173087401;3182283827406593343678460180112044784499387654358317999518067137535088381134195378044347708971090019987263793505880483008098147887872490749569893385292315959995972203030575289285213172087877234576887773502455945111679735692777117011949148543208293823917335662356778571904806623580587270961360446232426942849
Oscar Bernier Sr.;4423886417466Oscar Bernier Sr.pass;Heathcote LLC;4423886417466;Oscar Bernier Sr.;4423886417466Oscar Bernier Sr.pass;Heathcote LLC;4423886417466;116258962526374525437755348337532461068178622066856424571558184122352010788432368794297806826782249075439205523201014545881729716478934942854918279348800537622410033180727908983150045109712450027439471216503172891353154559935442704665206513790055288022364715385021033492752374413696895119288263367536324298321;50680690753273067190960090091538118108661201201444292869632902654737564615715070269751303723663815325095142929873069946268032975799089550176138483327823311085948050941548538706156530881046227312966080993227782465492539099442013025978176040161164383260208061320274995351071291509160506973837921970094438327215
Bill Marvin;1211671749310Bill Marvinpasss;Hickle LLC;123;Bill Marvin;1211671749310Bill Marvinpasss;Hickle LLC;123;89927303782273873875686669829453070707459094151312737214994403712417513038526008120591280929458195002364720518988157724378435607345620590877087874975907439588972082594699204084485925110783732489008348071301143593478434417396764738730973610731254516244191685531501258634293125988280608667506786766563445056521;10657744623493506914059124241254416311681541978729800632330033537311913513883170130211141078920578953228589649526922113690935756392638560384457652332609745892987145361710082252977200630060570686090595922511417397693856241783247593565636826645767042484761299463329708163890538168064880531998630129513178391617
Bill Marvin;1211671749310Bill Marvinpasss;asd;123;Bill Marvin;1211671749310Bill Marvinpasss;asd;123;142991579976410968945702473687155265781012442863678308512745556679151536131722162970976369285301616871421187463380728595461996995952756467226866019509640427508389975746204492356870741612122197729887003337845376803064669403356358741018411867550346197013593593409299171782658409407791366503367470044813040340331;35112432619137002353528387156070459316322584845280910308613672332233481406957974406700378578640446164941653872593894521976439532719955289791750535605362513004453576284093624076477363233696792038644734776103187940761783833879184233334080037038772477696003106492365830336311057334129273301994638605111126444169
admin;admin;Heathcote LLC;123;admin;admin;Heathcote LLC;123;125979797611430874853977262557979303926627105615183934384093583015406849244528244281410651859053399669718214443531894084003585925259541253908025980437078519923776373219188745296954141566951164854386250238889505492094615233087833015422303242892392676029508639528415354721285934129664631413740783321851945198103;40492613892683390738041580111751133515638493977201421758715402386736427961853418157497526304392325923411419308985753831874140371326002662825160859940294162828687229547312916792676960648488005094714463268395649327189462262018978603165730394556553776367801659637301466910977676685387278521478787987914117442873
